Workbook

Sheet Tage_PM_pro_WP
A1: Project name | B1: ROBIN
A2: Reporting Period | B2: P2
A3: Start | B3: 45352
A4: End | B4: 45900
A5: Date | B5: 45957
A6: Organisation | B6: S2i
A8: PM pro WP | B8: Summe von Stunden | C8: Summe von Personal costs | D8: Summe von PM | E8: Summe von Tagen
A9: WP3 | B9: ='PK-Berechnung'!I12 -> 1363.5 | C9: ='PK-Berechnung'!Z12 -> 75445.278 | D9: =E9/17.917 -> 9.5440085 | E9: ='PK-Berechnung'!P12 -> 171
A10: WP4 | B10: ='PK-Berechnung'!J12 -> 795 | C10: ='PK-Berechnung'!AA12 -> 37500.168 | D10: =E10/17.917 -> 5.609198 | E10: ='PK-Berechnung'!Q12 -> 100.5
A11: WP5 | B11: ='PK-Berechnung'!K12 -> 480 | C11: ='PK-Berechnung'!AB12 -> 22064.202 | D11: =E11/17.917 -> 3.3487749 | E11: ='PK-Berechnung'!R12 -> 60
A12: WP6 | B12: ='PK-Berechnung'!L12 -> 132.5 | C12: ='PK-Berechnung'!AC12 -> 11780.815 | D12: =E12/17.917 -> 0.94881956 | E12: ='PK-Berechnung'!S12 -> 17
D13: =E13/17.91 -> 0
D14: =E14/17.91 -> 0
D15: =E15/17.91 -> 0
A16: Gesamtergebnis ohne ExCo | B16: =SUM(B9:B15) -> 2771 | C16: =SUM(C9:C15) -> 146790.46 | D16: =SUM(D9:D15) -> 19.450801 | E16: =SUM(E9:E15) -> 348.5
A18: ExCo 2024 | B18: in TKS gibt es nicht
A23: H2020 | B23: nicht relevant | C23: Fehlt die 64 Stunden von Hr. Loeffler

Sheet PK-Berechnung
A1: P1: 01.03.2024-31.08.2025 S2i | B1: Vollzeit | C1: Teilzeit | D1: Anzahl der Monate | E1: Max.Tage | F1: Max. Tage auf-abrunden | G1: Projektst. WP1 | H1: Projektst. WP2 | I1: Projektst. WP3 | J1: Projektst. WP4 | K1: Projektst. WP5 | L1: Projektst. WP6 | M1: Projektst. WP | N1: Tagesäquiv. Ab und-Aufrund. WP1 | O1: Tagesäquiv. Ab und-Aufrund. WP2 | P1: Tagesäquiv. Ab und-Aufrund. WP3 | Q1: Tagesäquiv. Ab und-Aufrund. WP4 | R1: Tagesäquiv. Ab und-Aufrund. WP5 | S1: Tagesäquiv. Ab und-Aufrund. WP6 | T1: Tagesäquiv. Ab und-Aufrund. WP | U1: Tagessatz=AGBrutto/Max T. | V1: PK=Tagesäquiv. *Tagessatz | W1: Ingeni Kosten | X1: H2020 Methode Kosten | Y1: TOTAL PK - WP2 | Z1: TOTAL PK - WP3 | AA1: TOTAL PK - WP4 | AB1: TOTAL PK - WP5 | AC1: TOTAL PK - WP6 | AD1: TOTAL PK - WP7 | AE1: TOTAL PK | AH1: Differenz HEU:H2020 | AI1: HEU Tagessatz als St.satz | AJ1: Std.Satz von 2024 inkl. indiv. SVg. | AK1: Differenz
A2: Berlin, Mercedes | C2: 0.75 | D2: 18 | E2: =(215/12)*D2*C2 -> 241.875 | F2: 242 | J2: 80 | P2: =ROUND(+I2/8*2,0.5)/2 -> 0 | Q2: =ROUND(+J2/8*2,0.5)/2 -> 10 | R2: =ROUND(+K2/8*2,0.5)/2 -> 0 | S2: =ROUND(+L2/8*2,0.5)/2 -> 0 | T2: =ROUND(+M2/8*2,0.5)/2 -> 0 | U2: =Gehälter!S10/F2 -> 410.29322 | V2: =(P2*U2)+(U2*Q2)+(U2*R2)+(U2*S2)+(U2*T2) -> 4102.9322 | W2: 4320 | X2: 4484.9332 | Y2: =+$U$2*O2 -> 0 | Z2: =U2*P2 -> 0 | AA2: =U2*Q2 -> 4102.9322 | AB2: =U2*R2 -> 0 | AC2: =U2*S2 -> 0 | AE2: =SUM(Z2:AC2) -> 4102.9322 | AH2: =V2-X2 -> -382.00099 | AI2: =U2/8 -> 51.286653 | AJ2: 56.061665 | AK2: =AI2-AJ2 -> -4.7750123
A3: Campos, Alejandra | B3: 1 | D3: 14 | E3: =(215/12)*D3*B3 -> 250.83333 | F3: 251 | I3: 80 | J3: 50 | P3: =ROUND(+I3/8*2,0.5)/2 -> 10 | Q3: =ROUND(+J3/8*2,0.5)/2 -> 6.5 | R3: =ROUND(+K3/8*2,0.5)/2 -> 0 | S3: =ROUND(+L3/8*2,0.5)/2 -> 0 | T3: =ROUND(+M3/8*2,0.5)/2 -> 0 | U3: =Gehälter!S11/F3 -> 440.56689 | V3: =(P3*U3)+(U3*Q3)+(U3*R3)+(U3*S3)+(U3*T3) -> 7269.3537 | W3: 7331.06 | X3: 7666.4866 | Y3: =+$U$3*O3 -> 0 | Z3: =U3*P3 -> 4405.6689 | AA3: =U3*Q3 -> 2863.6848 | AB3: =U3*R3 -> 0 | AC3: =U3*S3 -> 0 | AE3: =SUM(Z3:AC3) -> 7269.3537 | AH3: =V3-X3 -> -397.13289 | AI3: =U3/8 -> 55.070862 | AJ3: 58.972974 | AK3: =AI3-AJ3 -> -3.9021124
A4: Chiran, Daniela | C4: 0.75 | D4: 18 | E4: =(215/12)*D4*C4 -> 241.875 | F4: 242 | I4: 169.5 | J4: 50 | K4: 65 | P4: =ROUND(+I4/8*2,0.5)/2 -> 21 | Q4: =ROUND(+J4/8*2,0.5)/2 -> 6.5 | R4: =ROUND(+K4/8*2,0.5)/2 -> 8 | S4: =ROUND(+L4/8*2,0.5)/2 -> 0 | T4: =ROUND(+M4/8*2,0.5)/2 -> 0 | U4: =Gehälter!S12/F4 -> 438.12335 | V4: =(P4*U4)+(U4*Q4)+(U4*R4)+(U4*S4)+(U4*T4) -> 15553.379 | W4: 17308.53 | X4: 14497.462 | Z4: =U4*P4 -> 9200.5903 | AA4: =U4*Q4 -> 2847.8018 | AB4: =U4*R4 -> 3504.9868 | AC4: =U4*S4 -> 0 | AE4: =SUM(Z4:AC4) -> 15553.379 | AH4: =V4-X4 -> 1055.9171 | AI4: =U4/8 -> 54.765418 | AJ4: 44.327878 | AK4: =AI4-AJ4 -> 10.43754
A5: Cosic, Miljana | B5: 1 | D5: 18 | E5: =(215/12)*D5*B5-24 -> 298.5 | F5: 298.5 | I5: 148 | K5: 75 | P5: =ROUND(+I5/8*2,0.5)/2 -> 18.5 | Q5: =ROUND(+J5/8*2,0.5)/2 -> 0 | R5: =ROUND(+K5/8*2,0.5)/2 -> 9.5 | S5: =ROUND(+L5/8*2,0.5)/2 -> 0 | T5: =ROUND(+M5/8*2,0.5)/2 -> 0 | U5: =Gehälter!S13/F5 -> 437.25028 | V5: =(P5*U5)+(U5*Q5)+(U5*R5)+(U5*S5)+(U5*T5) -> 12243.008 | W5: 12755.93 | X5: 12948.36 | Z5: =U5*P5 -> 8089.1303 | AA5: =U5*Q5 -> 0 | AB5: =U5*R5 -> 4153.8777 | AC5: =U5*S5 -> 0 | AE5: =SUM(Z5:AC5) -> 12243.008 | AH5: =V5-X5 -> -705.35153 | AI5: =U5/8 -> 54.656286 | AJ5: 58.064392 | AK5: =AI5-AJ5 -> -3.4081068
A6: Gohla, Robert | B6: 1 | D6: 18 | E6: =(215/12)*D6*B6 -> 322.5 | F6: 322.5 | I6: 155 | J6: 50 | P6: =ROUND(+I6/8*2,0.5)/2 -> 19.5 | Q6: =ROUND(+J6/8*2,0.5)/2 -> 6.5 | R6: =ROUND(+K6/8*2,0.5)/2 -> 0 | S6: =ROUND(+L6/8*2,0.5)/2 -> 0 | T6: =ROUND(+M6/8*2,0.5)/2 -> 0 | U6: =Gehälter!S14/F6 -> 686.59181 | V6: =(P6*U6)+(U6*Q6)+(U6*R6)+(U6*S6)+(U6*T6) -> 17851.387 | W6: 18982.23 | X6: 18089.798 | Y6: =+$U$6*O6 -> 0 | Z6: =U6*P6 -> 13388.54 | AA6: =U6*Q6 -> 4462.8468 | AB6: =U6*R6 -> 0 | AC6: =U6*S6 -> 0 | AE6: =SUM(Z6:AC6) -> 17851.387 | AH6: =V6-X6 -> -238.4108 | AI6: =U6/8 -> 85.823977 | AJ6: 88.242917 | AK6: =AI6-AJ6 -> -2.4189402
A7: Heni, Angela | C7: 0.625 | D7: 2 | E7: =(215/12)*D7*C7 -> 22.395833 | F7: 22.5 | L7: 42 | P7: =ROUND(+I7/8*2,0.5)/2 -> 0 | Q7: =ROUND(+J7/8*2,0.5)/2 -> 0 | R7: =ROUND(+K7/8*2,0.5)/2 -> 0 | S7: =ROUND(+L7/8*2,0.5)/2 -> 5.5 | T7: =ROUND(+M7/8*2,0.5)/2 -> 0 | U7: =Gehälter!S15/F7 -> 478.50844 | V7: =(P7*U7)+(U7*Q7)+(U7*R7)+(U7*S7)+(U7*T7) -> 2631.7964 | W7: 2705.48 | X7: 2705.4823 | Z7: =U7*P7 -> 0 | AA7: =U7*Q7 -> 0 | AB7: =U7*R7 -> 0 | AC7: =U7*S7 -> 2631.7964 | AE7: =SUM(Z7:AC7) -> 2631.7964 | AH7: =V7-X7 -> -73.685844 | AI7: =U7/8 -> 59.813556 | AJ7: 64.416245 | AK7: =AI7-AJ7 -> -4.6026894
A8: Loeffler, Jonathan | B8: 1 | D8: 18 | E8: =(215/12)*D8*B8 -> 322.5 | F8: 322.5 | I8: 50 | L8: 64 | P8: =ROUND(+I8/8*2,0.5)/2 -> 6.5 | Q8: =ROUND(+J8/8*2,0.5)/2 -> 0 | R8: =ROUND(+K8/8*2,0.5)/2 -> 0 | S8: =ROUND(+L8/8*2,0.5)/2 -> 8 | T8: =ROUND(+M8/8*2,0.5)/2 -> 0 | U8: =Gehälter!S16/F8 -> 976.64155 | V8: =(P8*U8)+(U8*Q8)+(U8*R8)+(U8*S8)+(U8*T8) -> 14161.302 | W8: 5918.51 | X8: 5918.5661 | Z8: =U8*P8 -> 6348.1701 | AA8: =U8*Q8 -> 0 | AB8: =U8*R8 -> 0 | AC8: =U8*S8 -> 7813.1324 | AE8: =SUM(Z8:AC8) -> 14161.302 | AH8: =V8-X8 -> 8242.7363 | AI8: =U8/8 -> 122.08019 | AJ8: 118.37132 | AK8: =AI8-AJ8 -> 3.7088712
A9: Roth, Clémentine | C9: 0,70 & 0,80 | D9: 18 | E9: =(215/12)*11*0.7+(215/12)*7*0.8 -> 238.29167 | F9: 238.5 | I9: 354 | J9: 175 | K9: 140 | L9: 26.5 | P9: =ROUND(+I9/8*2,0.5)/2 -> 44.5 | Q9: =ROUND(+J9/8*2,0.5)/2 -> 22 | R9: =ROUND(+K9/8*2,0.5)/2 -> 17.5 | S9: =ROUND(+L9/8*2,0.5)/2 -> 3.5 | T9: =ROUND(+M9/8*2,0.5)/2 -> 0 | U9: =Gehälter!S17/F9 -> 381.6818 | V9: =(P9*U9)+(U9*Q9)+(U9*R9)+(U9*S9)+(U9*T9) -> 33397.158 | W9: 33973.86 | X9: 33904.891 | Z9: =U9*P9 -> 16984.84 | AA9: =U9*Q9 -> 8396.9997 | AB9: =U9*R9 -> 6679.4316 | AC9: =U9*S9 -> 1335.8863 | AE9: =SUM(Z9:AC9) -> 33397.158 | AH9: =V9-X9 -> -507.73359 | AI9: =U9/8 -> 47.710225 | AJ9: 48.748945 | AK9: =AI9-AJ9 -> -1.0387198
A10: Sarenkapa, Tea | C10: 0.75 | D10: 7 | E10: =(215/12)*D10*C10 -> 94.0625 | F10: 94 | I10: 107 | J10: 220 | K10: 100 | P10: =ROUND(+I10/8*2,0.5)/2 -> 13.5 | Q10: =ROUND(+J10/8*2,0.5)/2 -> 27.5 | R10: =ROUND(+K10/8*2,0.5)/2 -> 12.5 | S10: =ROUND(+L10/8*2,0.5)/2 -> 0 | T10: =ROUND(+M10/8*2,0.5)/2 -> 0 | U10: =Gehälter!S18/F10 -> 256.22415 | V10: =(P10*U10)+(U10*Q10)+(U10*R10)+(U10*S10)+(U10*T10) -> 13707.992 | W10: 13941.99 | X10: 13715.961 | Y10: =+$U$10*O10 -> 0 | Z10: =U10*P10 -> 3459.026 | AA10: =U10*Q10 -> 7046.1641 | AB10: =U10*R10 -> 3202.8019 | AC10: =U10*S10 -> 0 | AE10: =SUM(Z10:AC10) -> 13707.992 | AH10: =V10-X10 -> -7.9687644 | AI10: =U10/8 -> 32.028019 | AJ10: 32.121688 | AK10: =AI10-AJ10 -> -0.093669281
A11: Schlichenmaier, Nadja | B11: 1 | D11: 13 | E11: =(215/12)*D11*B11 -> 232.91667 | F11: 233 | I11: 300 | J11: 170 | K11: 100 | P11: =ROUND(+I11/8*2,0.5)/2 -> 37.5 | Q11: =ROUND(+J11/8*2,0.5)/2 -> 21.5 | R11: =ROUND(+K11/8*2,0.5)/2 -> 12.5 | S11: =ROUND(+L11/8*2,0.5)/2 -> 0 | T11: =ROUND(+M11/8*2,0.5)/2 -> 0 | U11: =Gehälter!S19/F11 -> 361.84833 | V11: =(P11*U11)+(U11*Q11)+(U11*R11)+(U11*S11)+(U11*T11) -> 25872.155 | W11: 25266.92 | X11: 25266.891 | Y11: =+$U$11*O11 -> 0 | Z11: =U11*P11 -> 13569.312 | AA11: =U11*Q11 -> 7779.739 | AB11: =U11*R11 -> 4523.1041 | AC11: =U11*S11 -> 0 | AE11: =SUM(Z11:AC11) -> 25872.155 | AH11: =V11-X11 -> 605.26461 | AI11: =U11/8 -> 45.231041 | AJ11: 44.327878 | AK11: =AI11-AJ11 -> 0.90316233
A12: TOTAL | G12: =SUM(G2:G11) -> 0 | H12: =SUM(H2:H11) -> 0 | I12: =SUM(I2:I11) -> 1363.5 | J12: =SUM(J2:J11) -> 795 | K12: =SUM(K2:K11) -> 480 | L12: =SUM(L2:L11) -> 132.5 | M12: =SUM(M2:M11) -> 0 | O12: =SUM(O2:O11) -> 0 | P12: =SUM(P2:P11) -> 171 | Q12: =SUM(Q2:Q11) -> 100.5 | R12: =SUM(R2:R11) -> 60 | S12: =SUM(S2:S11) -> 17 | T12: =SUM(T2:T11) -> 0 | U12: Cost Statement: | V12: =SUM(V2:V11) -> 146790.46 | W12: =SUM(W2:W11) -> 142504.51 | X12: =SUM(X2:X11) -> 139198.83 | Y12: =SUM(Y2:Y11) -> 0 | Z12: =SUM(Z2:Z11) -> 75445.278 | AA12: =SUM(AA2:AA11) -> 37500.168 | AB12: =SUM(AB2:AB11) -> 22064.202 | AC12: =SUM(AC2:AC11) -> 11780.815 | ... AE12: =SUM(AE2:AE11) -> 146790.46 | AH12: =SUM(AH2:AH11) -> 7591.6336
A14: 10% Überprüfung | B14: IST | C14: SOLL | D14: DIFF | E14: %
A15: IO | B15: =+V2+V7+V8 -> 20896.031 | C15: =+V12*0.1 -> 14679.046 | D15: =+C15-B15 -> -6216.9848 | E15: =+B15/V12 -> 0.14235278
A17: Double ceiling | B17: hier geht es nicht um ein ganzes Kalenderjahr, deswegen kein HC/DC!
A20: Bemerkungen:
V22: Wenn LJ mehr schreiben soll
V23: 7500 | W23: EUR
A24: Berechnungen | B24: 2024 | C24: 2025 | E24: Hat jmd. den Vertrag, der nicht ab 01. anfängt, kannst Du es bitte prüfen? | V24: =+V23/U8 -> 7.6793784 | W24: EUR/LJ Tagessatz
A25: Berlin, Mercedes | B25: 10 x 75 | C25: 8 x 75 | V25: =+V24*8 -> 61.435027 | W25: 7,68 Tage in h
A26: Campos, Alejandra | B26: 6 x 100 | C26: 8 x 100
A27: Chiran, Daniela | B27: 10 x 75 | C27: 8 x 75 | V27: Aufrunden: | W27: 64
A28: Cosic, Miljana | B28: 10 x 100 | C28: 8 x 100 | E28: MS ab 21.07.2025; wir bekommen weitere KK-Erstattungen für den MS; Gehalt 2025 berücksichtigt die bisher entstandenen Kosten inkl. KK-Erstattung | V28: LJ schreibt mehr auf | W28: 64
A29: Gohla, Robert | B29: 10 x 100 | C29: 8 x 100
A30: Heni, Angela | B30: 2 x 62,5 | C30: 0 | V30: Kosten: | W30: =8*U8 -> 7813.1324
A31: Loeffler, Jonathan | B31: 10 x 100 | C31: 8 x 100
A32: Roth, Clémentine | B32: 10 x 70 | C32: 1 x 70; 7 x 80
A33: Sarenkapa, Tea | B33: 7 x 75 | C33: 0 | D33: in 2025 bis Ende August in der SIG
A34: Schlichenmaier, Nadja | B34: 10 x 100 | C34: 3 x 100
A54: M. Cosic (s. Stundenzettel): sie ist seit 21.07.2025 im Mutterschutz
A55: =(215/12)*2*1-(215/12)*(20/30)*1 -> 23.888889 | B55: day-equivalents of parental leave | C55: oder | D55: =(215/12)*1*1+(215/12)*(10/30)*1 -> 23.888889
A56: =(215/12)*18*1-24 -> 298.5 | B56: maximum declarable day-equivalents for the reporting period

Sheet Gehälter
O8: SU2017
Q9: Mrz-Dez 2024 | R9: Jan-Aug 2025 | S9: TOTAL
O10: Berlin, Mercedes | Q10: 55655.84 | R10: 43635.12 | S10: =+P10+Q10+R10 -> 99290.96
O11: Campos, Alejandra | Q11: 48136.69 | R11: 62445.6 | S11: =+P11+Q11+R11 -> 110582.29
O12: Chiran, Daniela | Q12: 60433.37 | R12: 45592.48 | S12: =+P12+Q12+R12 -> 106025.85
O13: Cosic, Miljana | Q13: 77747.46 | R13: 52771.75 | S13: =+P13+Q13+R13 -> 130519.21 | T13: Das sind die finalen Kosten für 2025 mit MS und EZ
O14: Gohla, Robert | Q14: 127702.13 | R14: 93723.73 | S14: =+P14+Q14+R14 -> 221425.86
O15: Heni, Angela | Q15: 10766.44 | R15: 0 | S15: =+P15+Q15+R15 -> 10766.44
O16: Loeffler, Jonathan | Q16: 183984.5 | R16: 130982.4 | S16: =+P16+Q16+R16 -> 314966.9
O17: Roth, Clémentine | Q17: 49130.68 | R17: 41900.43 | S17: =+P17+Q17+R17 -> 91031.11
O18: Sarenkapa, Tea | Q18: 24085.07 | R18: 0 | S18: =+P18+Q18+R18 -> 24085.07
O19: Schlichenmaier, Nadja | Q19: 65450.8 | R19: 18859.86 | S19: =+P19+Q19+R19 -> 84310.66

Sheet Stundenzettel
A121: Er soll noch 64h = 8 Tage in 2025 aufschreiben

Sheet GuV
A1: ROBIN - Berechnung 01.09.2022 - 31.08.2025
B2: P1 | C2: P2 | D2: Total
A3: Personalkosten | B3: 92185.95 | C3: ='PK-Berechnung'!V12 -> 146790.46 | D3: =SUM(B3:C3) -> 238976.41
A4: Reisekosten | B4: 4329.12 | C4: 2213.28 | D4: =SUM(B4:C4) -> 6542.4
A5: Sonstige K. | B5: 689.64 | C5: 3752.52 | D5: =SUM(B5:C5) -> 4442.16
A6: OH 25% | B6: =(B3+B4+B5)*0.25 -> 24301.177 | C6: =(C3+C4+C5)*0.25 -> 38189.066 | D6: =SUM(B6:C6) -> 62490.243
A7: Total | B7: =SUM(B3:B6) -> 121505.89 | C7: =SUM(C3:C6) -> 190945.33 | D7: =SUM(D3:D6) -> 312451.22
A8: EU- Finanzierung SOLL | D8: 302524.95
A9: Differenz Total Finanz.-Total Kosten | D9: =D8-D7 -> -9926.2674
A15: Alte Version
